UID,NOMBRE
5389929087,KU2Juan77k
5241676437,etsWhiskas
5222259228,IBsCAPIBARA
570555477,vdStray
574748484,FXPCHOCO
533711767,SyfOceanBiG
5438431092,FESMAZONj
52157334652,BNsSeven
5559788870,CorreleūLIC
568524628,RNGJONA
5203882505,gaRALO
5216451596,V2AlucardMX
5111220768,NR VIT666LI
511712849,4SFKoKoJoy
520498584,D4One
554517678,REŪxaaviboyz
5294974509,MFKBolillo
51294850202,INzYona
510149456,CP9NiTwY
5175612248,FySwayy
5343802844,BTDavidACOsz
5164186521,ferｘ
591076293,invgKennyDanL
5482808043,Diegozin
5772658003,ASELOURYYYjpg
516999247,PurgeRagnar
51642674753,DBZxLaburra
5305441655,BSxCHELAS
5690156496,bestDaddyYT
511433847,8DPJONAAZ
520925090,P0LARMX
592736100,slpNoviooooo
5210902952,A5Lugo
51482805287,D4・FUTURE8A8Y
5360731921,apexMia
516117251,OR • YUM
5816409565,RwgBroown
523673894,rmxFeiis
5344722594,snxJAISONN77K
5859366447,sfhLeppard
5148134954,MEXEragod
511385999,egoNZv
524364608,vipFoquiño
5729289535,OmeNInozsz
563771375,zbMariachi
5285865584,srkKurt
5197890636,KU2Loki7k
5238035721,etsGolDRichard
516285197,IBsHumildeDani
5828074453,vdTURY
5821181084,FXPCxntury117
5172948918,SyfMartnz
52177832522,FESAMANTHA
5128768265,BNsÑemaloka69
511151005,R6TQM
51636006196,RNG Barbas 
5834819084,gaJeremyy
510139056,V2Luckyyyyy
5282358473,NR Aleexx
555706749,4SFjuhoon
587521566,D4SWAGU1NNN
5174177030,REūShadoooow
5336448741,XRToppo11
5604638009,INzMau
5287313613,CP9Angel
5406879915,FyBartolinho
51336620904,Diegosex
510336915,GHOSTJonathan
5582662785,invgSAD09
5956258813,CGdaniperro
546123334,ASEzecca
5936407283,PurgeTocisex
559511361,DBZxChrisLH
5672165692,BSxRamzes
51234391428,bestAtzinnnn
5187129313,8DPLUFFY
570252079,xyacks
576864809,TUKI
5305137697,A5SUB78z
554715222,D4・ALLEN
5528757588,apexJeice
51726356849,OR・REVS
511141717,atzDramm
572367334,rmxCashh
5425081757,snxSHADOWS
511241603,sfhKillSwitchx
5152912230,tonka
5430396222,egoZenn
5390660541,Xoleyyy
550321488,OmeEDUUU777
5592762448,zbChopper
5130408604,NSKxzazú
5258447630,KU2LeSam77
5443752987,etsCarlos
5128941169,IBsRacingGG
524401522,vdūXYLON
5529744704,FXPSTRAPPPM
533082965,SyfJAVX
5966360304,FESLEENIXS
51823030949,BNSrev
5538104950,esg・Drxgonzz
51786450040,RNGquique 
5329848622,gaKAAIL
544313239,V2Lastdance
565137801,NR Cidoso
5701617163,4SFxFurioZa
5146655797,D4Clytonnn
582464619,REūPapiVic
537616745,MFKYutagodd
51950058614,INziToxic
51311157885,CP9KODI
5136351915,FySlicky
595009538,stwChecoPerez
578721858,ZR | Hidan
5200453950,invg・Charlysz
558589428,CGAngelitopm
5132929308,ASEGELOOOXX
5416720184,PurgeDraxLer
5786295143,DBZxSelesz
5232819365,BSxKevin
565622453,bestMadara
511014603,8DPALE
51209942695,Maryn
515409759,slpLucio
5252880863,A5MESSI98K
535796090,D4・TEPONGO
51498256057,apexToso
51938507952,OR・LYO
5429572804,F1 Johnwick
5952649751,rmxMIKE
5223969219,snxJxchszzz
5716423674,TReFRAN
51006779088,MEXRivass
5157369636,egoELPatroonn
5427627921,WSTweedman
5398133688,OmeEDUUU666
586104537,zbMazapan
5687404070,《YZUMI》
5112132059,KU2Zeus
5197778779,etsChristmas
5333102582,IBsOMARgs
510546165,vdzouzou
5132907175,FXPMelgar7
5551621809,SyfYULAY
5621830716,FESTIXXYLOVEEE
5264891273,BNSMalditoNA7A
5196654254,zbAkon
5222033488,RNG Orión
563936593,gaHumble
5202844535,V2Dramaz
5722676980,NRelREYOVNI
5231718245,4SFLuxx
557816354,D4Txzyy
554690722,REūK1ngLuka 
5320253970,YAMISITOPSPSPS
581277505,INzCouuper
5110438764,CP9JONYYY
5564076596,FyExtssy
5319335933,EtyD7
548799556,Lockonstratos
5325340274,invgKilla04 
573421256,slpCaydem14
51301453461,ASEORNNYYYYYY
5316978748,PurgeChoreBoT
5160517108,DBZxTwint
5382690124,BSxPSYCHO
5160409594,bestTitinho
5660532482,8DPNOAH
5266975098,LCLOBO
5139701338,slpRen
5183565232,A5AVALOS117
5197537851,D4・VENDETA
513966017,ApexStarlight
5675466347,OR・BOBA
550047860,RwgOMARSIHO
5173652492,rmxMacaquinho
562707095,snxSCONER
5842018734,drsTorresㅤ
5541789662,MEXAxeeL
5523001339,ego1vnū9
584949513,vipLONCHEEE
569321922,OmeXXXX
51305038996,zbRangel
52268469191,MaxwellLeonha
51206156362,KU2URÎEL77K
51885671989,etsSpiderCholo
5251717282,IBsMads
590054409,ＴＴ×HILXRIO
555453716,FXPzohan
5296904312,SyfAndreaa
572539784,BNsRomeroDG
51853607102,RNGadolfortiz 
51631520120,gaZERO
5738066900,NR PRIME
5439860254,4SFProblemĪ
5899236972,D4Nxstyyy
564885710,REūLaCabra
585002568,Sxp12K
5534885034,INzZakK
51793755439,nexHAANz
589643926,FyXevation
514665933,CGcoffee
5114407339,ASELEY 
5111204641,PurgeJOSEAg
5557790062,DBZxIvan
5299337510,BSxFEDERALgg
5200512398,bestMute
521933446,8DPMYSTIC
52040637086,papurri02
5256481428,slpRetired
51592179287,A5CHINO
5135617086,D4・MALÉFICA
551948740,apexRV
595145228,snxKIRITO
5218645049,rmxLuisboyyy
563849965,snxRASBEY
5417144607,sfhScrapp
550068323,egoMonesy
516275077,blurSamuuuuu
52206371780,KU2Nix
5677997451,etsJoker
586586911,IBsMAYITO
5257560348,A22PROLEXZIN
5204868538,gaTamal
5260225439,Oax IÑAKI
521610629,INzSummer
51509355979,nexIRAAN
51806735536,FyÖZIL
5136377461,Purge444
546810124,DBZdraven
559379187,8DPRETURN
589683796,INzViglez
51281857620,D4・TEODORA
540335522,snxJUANGOATT
5172323718,hkūWzz